"id","me.b1","me.b2","me.b3","me.b1.add","me.b2.add","me.b3.add","me.b1.inter","me.b2.inter","me.b3.inter","rmse.b1","rmse.b2","rmse.b3","rmse.b1.add","rmse.b2.add","rmse.b3.add","rmse.b1.inter","rmse.b2.inter","rmse.b3.inter","pow.b1","pow.b2","pow.b3","pow.b1.add","pow.b2.add","pow.b3.add","pow.b1.inter","pow.b2.inter","pow.b3.inter"
"medFX_noBias",-0.00279215778680437,0.00366078661220276,0.00170467541058688,-0.0196998156231752,0.00379451788666576,0.00154487800259151,0.000249619937015055,-0.0267151225887894,-0.0280672880042619,0.042182348656028,0.0590926924571694,0.0594626544865974,0.104727261982709,0.0600087640420657,0.060431635698654,0.177908444562368,0.260909121536843,0.256493363031725,0.052,0.999,1,0.038,0.999,1,0.041,0.182,0.599
"smallFX_noBias",-0.00679937047463986,-0.0848440374385625,-0.193471700506977,-0.00744154447829789,-0.0834291267508327,-0.192166796472209,0.0162456524288214,-0.115333593606761,-0.238577360248215,0.0421374613086043,0.103070181707455,0.202910271623337,0.0992711187461924,0.102374344024104,0.202401873003052,0.17892126172258,0.279122957433594,0.334619089775897,0.03,0.95,1,0.01,0.94,1,0.05,0.12,0.31
"smallFX_medPBhiQRP",0.245928849070111,-0.165508094591356,-0.357144475467458,-0.161538690516179,-0.163722613559513,-0.372265000859893,-0.275533597056546,-0.0362763921639713,-0.155211710812007,0.250993084293547,0.176080796201529,0.362550263351544,0.182798883261874,0.172063185672674,0.3763833185589,0.324222607483478,0.203951693454905,0.27148659223612,1,0.633,0.977,0.318,0.689,0.975,0.376,0.163,0.433
