id,me.b1,me.b2,me.b3,me.b1.add,me.b2.add,me.b3.add,me.b1.inter,me.b2.inter,me.b3.inter,rmse.b1,rmse.b2,rmse.b3,rmse.b1.add,rmse.b2.add,rmse.b3.add,rmse.b1.inter,rmse.b2.inter,rmse.b3.inter,pow.b1,pow.b2,pow.b3,pow.b1.add,pow.b2.add,pow.b3.add,pow.b1.inter,pow.b2.inter,pow.b3.inter
medFX_noBias,-0.002792158,0.003660787,0.001704675,-0.019699816,0.003794518,0.001544878,0.00024962,-0.026715123,-0.028067288,0.042182349,0.059092692,0.059462654,0.104727262,0.060008764,0.060431636,0.177908445,0.260909122,0.256493363,0.052,0.999,1,0.038,0.999,1,0.041,0.182,0.599
medFX_medPBhiQRP,0.244973566,-0.112638445,-0.208018885,-0.11571445,-0.118907947,-0.233675006,-0.280538871,0.043552429,0.109066511,0.250339172,0.128251828,0.218220891,0.148120444,0.13021822,0.24166609,0.324611689,0.204523325,0.247789059,0.999,0.863,1,0.188,0.898,1,0.39,0.265,0.84
smallFX_noBias,0.002039628,-0.10472188,-0.205709011,-0.019222118,-0.104891085,-0.20537438,-0.025138865,-0.082268134,-0.195210512,0.04317561,0.121664629,0.215824195,0.10175907,0.121708507,0.215230469,0.160967409,0.251667013,0.322024829,0.04,0.88,1,0.02,0.86,1,0.02,0.12,0.32
smallFX_medPBhiQRP,0.248307401,-0.168653521,-0.357480767,-0.158053404,-0.166550235,-0.371967052,-0.267417515,-0.044200599,-0.162594551,0.253576233,0.180428906,0.362855778,0.181854034,0.174926602,0.376008571,0.318765766,0.209062074,0.271178469,1,0.598,0.978,0.341,0.651,0.984,0.359,0.142,0.412
